act1,act2,0,1,2,3,4,5,6,7,8,9,10,11,12,13,14,15,16,17,18,19,20,21,22,23,24,25,26,27,28,29,30,31,32,33,34,35,36,37,38,39,40,41,42,43,44,45,46,47,48,49,50,51,52,53,54,55,56,57,58,59,60,61,62,63,64,65,66,67,68,69,70,71,72,73,74,75,76,77,78,79,80,81,82,83,84,85,86,87,88,89,90,91,92,93,94,95,96,97,98,99
Add penalty,Add penalty,0,0,0,0,0,0,0,0,0,0,0,0,0,0,0,0,0,0,0,0,0,0,0,0,0,0,0,0,0,0,0,0,0,0,0,0,0,0,0,0,0,0,0,0,0,0,0,0,0,0,0,0,0,0,0,0,0,0,0,0,0,0,0,0,0,0,0,0,0,0,0,0,0,0,0,0,0,0,0,0,0,0,0,0,0,0,0,0,0,0,0,0,0,0,0,0,0,0,0,0
Add penalty,Appeal to Judge,1,0,0,0,0,0,0,0,0,0,0,1,0,0,0,0,0,0,0,0,0,0,0,0,0,0,1,1,0,0,0,0,1,0,2,1,1,1,3,2,4,1,0,1,3,1,1,0,1,0,1,2,2,1,1,1,0,4,1,2,0,0,1,0,2,1,0,1,0,3,2,1,0,2,2,0,2,3,5,2,2,2,1,0,2,0,0,1,0,1,0,1,0,0,1,0,0,0,0,0
Add penalty,Create Fine,0,0,0,0,0,0,0,0,0,0,0,0,0,0,0,0,0,0,0,0,0,0,0,0,0,0,0,0,0,0,0,0,0,0,0,0,0,0,0,0,0,0,0,0,0,0,0,0,0,0,0,0,0,0,0,0,0,0,0,0,0,0,0,0,0,0,0,0,0,0,0,0,0,0,0,0,0,0,0,0,0,0,0,0,0,0,0,0,0,0,0,0,0,0,0,0,0,0,0,0
Add penalty,Insert Date Appeal to Prefecture,8,7,6,13,7,8,7,3,2,2,8,2,1,5,8,6,7,4,0,2,3,4,8,5,8,5,3,12,4,9,11,4,4,7,4,9,12,2,1,6,2,4,6,4,7,4,0,3,6,2,2,7,4,8,18,8,12,6,7,5,14,5,4,3,7,8,5,8,12,16,10,13,5,6,10,9,8,7,14,9,7,6,2,7,9,2,5,6,5,5,8,8,9,8,2,6,6,21,21,0
Add penalty,Insert Fine Notification,0,0,0,0,0,0,0,0,0,0,0,0,0,0,0,0,0,0,0,0,0,0,0,0,0,0,0,0,0,0,0,0,0,0,0,0,0,0,0,0,0,0,0,0,0,0,0,0,0,0,0,0,0,0,0,0,0,0,0,0,0,0,0,0,0,0,0,0,0,0,0,0,0,0,0,0,0,0,0,0,0,0,0,0,0,0,0,0,0,0,0,0,0,0,0,0,0,0,0,0
Add penalty,Notify Result Appeal to Offender,0,0,0,0,0,0,0,0,0,0,0,0,0,2,7,4,2,4,2,0,1,0,0,1,0,1,0,0,5,0,0,0,0,1,0,1,0,0,0,0,0,0,0,0,1,1,0,0,0,0,0,1,1,0,0,0,0,1,0,0,0,0,0,0,0,1,2,1,0,1,1,0,0,0,2,0,0,0,0,0,0,0,0,0,0,0,0,0,0,1,0,0,0,0,0,0,2,2,4,0
Add penalty,Payment,236,203,206,236,216,211,178,182,165,173,144,150,164,148,137,124,113,145,136,101,54,104,138,164,147,123,155,184,220,217,192,183,279,223,296,324,271,294,229,286,243,301,235,132,259,244,217,196,232,285,207,275,278,260,214,251,239,248,99,112,144,175,172,185,182,149,137,154,173,225,208,208,192,108,106,79,81,166,183,167,194,131,164,157,181,189,176,176,200,168,161,141,186,216,205,223,228,168,175,10
Add penalty,Receive Result Appeal from Prefecture,5,8,10,15,3,0,0,0,1,0,0,1,0,3,2,0,1,7,9,5,7,6,11,7,8,11,4,18,2,8,7,1,4,13,4,3,7,4,5,5,5,2,2,0,1,8,3,0,2,0,0,4,2,4,9,12,7,5,3,4,3,1,3,1,2,2,3,4,0,2,0,4,3,2,1,1,0,0,3,3,2,0,2,3,1,0,0,1,0,1,3,2,2,5,1,1,5,2,4,0
Add penalty,Send Appeal to Prefecture,10,8,6,9,21,12,13,24,25,13,10,3,11,9,6,11,10,10,11,10,4,11,18,17,13,14,17,34,20,21,14,26,31,29,22,24,30,27,22,26,30,23,40,11,64,28,29,38,45,30,25,29,43,36,65,52,64,49,33,35,27,43,42,26,21,34,30,38,34,30,26,22,43,40,38,33,33,27,21,29,24,27,25,45,33,27,31,16,32,50,40,42,53,61,37,47,90,63,102,12
Add penalty,Send Fine,0,0,0,0,0,0,0,0,0,0,0,0,0,0,0,0,0,0,0,0,0,0,0,0,0,0,0,0,0,0,0,0,0,0,0,0,0,0,0,0,0,0,0,0,0,0,0,0,0,0,0,0,0,0,0,0,0,0,0,0,0,0,0,0,0,0,0,0,0,0,0,0,0,0,0,0,0,0,0,0,0,0,0,0,0,0,0,0,0,0,0,0,0,0,0,0,0,0,0,0
Add penalty,Send for Credit Collection,897,858,918,878,854,837,856,836,953,869,879,869,737,775,785,746,805,827,721,626,422,496,634,614,725,819,810,790,791,686,681,543,504,360,530,484,566,543,442,467,384,454,474,240,490,560,495,545,465,371,277,407,457,450,400,506,468,470,207,301,433,497,524,558,531,557,515,508,512,468,490,536,514,568,580,546,610,487,526,525,499,528,519,540,571,595,535,541,566,627,646,728,674,591,612,661,410,0,0,0
Appeal to Judge,Add penalty,0,0,0,0,0,0,0,0,4,0,0,0,0,0,0,1,0,1,1,1,1,0,3,1,1,4,8,8,1,0,5,2,3,5,5,6,7,7,4,7,2,4,1,3,2,3,5,10,2,1,5,3,1,0,3,5,4,3,3,2,0,3,2,4,8,3,3,4,9,3,2,0,1,10,8,10,11,6,9,6,2,3,4,0,4,6,0,0,3,3,1,1,0,0,0,1,2,0,1,0
Appeal to Judge,Appeal to Judge,0,0,0,0,0,0,0,0,0,0,0,0,0,0,0,0,0,0,0,0,0,0,0,0,0,0,0,0,0,0,0,0,0,0,0,0,0,0,0,0,0,0,0,0,0,0,0,0,0,0,0,0,0,0,0,0,0,0,0,0,0,0,0,0,0,0,0,0,0,0,0,0,0,0,0,0,0,0,0,0,0,0,0,0,0,0,0,0,0,0,0,0,0,0,0,0,0,0,0,0
Appeal to Judge,Create Fine,0,0,0,0,0,0,0,0,0,0,0,0,0,0,0,0,0,0,0,0,0,0,0,0,0,0,0,0,0,0,0,0,0,0,0,0,0,0,0,0,0,0,0,0,0,0,0,0,0,0,0,0,0,0,0,0,0,0,0,0,0,0,0,0,0,0,0,0,0,0,0,0,0,0,0,0,0,0,0,0,0,0,0,0,0,0,0,0,0,0,0,0,0,0,0,0,0,0,0,0
Appeal to Judge,Insert Date Appeal to Prefecture,0,0,0,0,0,0,0,0,0,0,0,0,1,0,0,0,0,1,0,3,1,1,1,1,1,0,0,1,0,1,0,0,0,1,0,0,0,0,0,0,0,0,0,0,0,0,0,0,0,0,0,0,0,0,0,0,0,0,0,0,0,0,0,0,1,0,0,0,0,0,0,0,0,0,0,0,0,0,0,0,0,0,1,0,0,0,0,0,0,0,0,0,0,0,0,0,0,0,0,0
Appeal to Judge,Insert Fine Notification,0,0,0,0,0,0,0,0,0,0,0,0,0,0,0,0,0,0,0,0,0,0,0,0,0,0,0,0,0,0,0,0,0,0,0,0,0,0,0,0,0,0,0,0,0,0,0,0,0,0,0,0,0,0,0,0,0,0,0,0,0,0,0,0,0,0,0,0,0,0,0,0,0,0,0,0,0,0,0,0,0,0,0,0,0,0,0,0,0,0,0,0,0,0,0,0,0,0,0,0
Appeal to Judge,Notify Result Appeal to Offender,0,0,0,0,0,0,0,0,0,0,0,0,0,0,0,0,0,0,0,0,0,0,0,0,0,0,1,0,0,4,1,0,1,0,1,0,0,0,0,0,0,0,0,0,0,0,0,0,0,0,0,0,0,0,0,0,0,0,0,0,0,0,0,0,0,0,0,0,0,0,0,0,0,0,0,0,0,0,0,0,0,1,0,0,0,0,0,0,0,0,0,0,0,0,0,0,0,0,0,0
Appeal to Judge,Payment,1,0,0,0,0,0,0,0,0,0,0,1,0,0,0,0,0,1,0,0,1,1,0,1,0,0,2,4,0,1,2,0,0,3,1,1,1,0,2,1,1,0,0,1,10,1,0,0,3,0,0,0,4,0,1,0,0,1,1,2,0,0,0,0,0,2,0,1,0,0,1,0,0,2,0,1,1,2,4,0,0,1,1,0,1,1,1,1,0,0,0,1,0,0,0,0,0,0,0,0
Appeal to Judge,Receive Result Appeal from Prefecture,0,0,0,0,0,0,0,0,0,0,0,0,0,0,0,0,0,0,0,0,0,0,0,0,0,0,0,0,0,0,0,0,0,0,0,0,0,0,0,0,0,0,0,0,0,0,0,0,0,0,0,0,0,0,0,0,0,0,0,0,0,0,0,0,0,0,0,0,0,0,0,0,0,0,0,0,0,0,0,0,0,0,0,0,1,0,0,0,0,0,0,0,0,0,0,0,0,0,0,0
Appeal to Judge,Send Appeal to Prefecture,0,0,0,0,0,0,0,0,0,0,0,0,0,0,0,0,0,1,0,0,0,1,0,0,0,0,0,0,0,0,0,0,0,0,0,0,1,0,0,0,0,0,0,0,0,0,0,0,0,0,0,0,0,0,2,1,0,0,0,1,0,0,0,0,0,0,0,0,0,0,0,0,0,0,0,0,0,0,2,0,0,0,0,0,0,0,0,0,0,0,0,0,0,0,0,0,0,0,0,0
Appeal to Judge,Send Fine,0,0,0,0,0,0,0,0,0,0,0,0,0,0,0,0,0,0,0,0,0,0,0,0,0,0,0,0,0,0,0,0,0,0,0,0,0,0,0,1,0,0,0,0,0,0,0,0,0,0,0,0,0,0,0,0,1,0,0,0,0,0,0,0,0,0,0,0,0,0,0,0,0,0,0,0,0,0,0,1,0,0,0,1,0,0,0,0,0,0,0,0,0,0,0,0,0,0,0,0
Appeal to Judge,Send for Credit Collection,0,0,0,0,0,0,0,0,0,0,0,0,0,0,0,0,0,0,0,0,0,0,0,0,0,1,0,1,0,0,0,0,1,0,0,1,0,0,2,0,0,0,1,0,0,1,1,0,0,0,0,0,1,0,1,1,1,1,0,0,1,0,0,0,1,0,0,0,1,2,1,1,0,1,1,0,1,1,0,2,1,1,1,0,1,0,0,0,0,1,0,0,0,0,0,0,0,0,0,0
Create Fine,Add penalty,0,0,0,0,0,0,0,0,0,0,0,0,0,0,0,0,0,0,0,0,0,0,0,0,0,0,0,0,0,0,0,0,0,0,0,0,0,0,0,0,0,0,0,0,0,0,0,0,0,0,0,0,0,0,0,0,0,0,0,0,0,0,0,0,0,0,0,0,0,0,0,0,0,0,0,0,0,0,0,0,0,0,0,0,0,0,0,0,0,0,0,0,0,0,0,0,0,0,0,0
Create Fine,Appeal to Judge,0,0,0,0,0,0,0,0,0,0,0,0,0,0,0,0,0,0,0,0,0,0,0,0,0,0,0,0,0,0,0,0,0,0,0,0,0,0,0,1,0,0,0,0,0,0,0,0,0,0,0,0,0,0,0,0,1,0,0,0,0,0,0,0,0,0,0,0,0,0,0,0,0,0,0,0,0,0,0,1,0,0,0,1,0,0,0,0,0,0,0,0,0,0,0,0,0,0,0,0
Create Fine,Create Fine,0,0,0,0,0,0,0,0,0,0,0,0,0,0,0,0,0,0,0,0,0,0,0,0,0,0,0,0,0,0,0,0,0,0,0,0,0,0,0,0,0,0,0,0,0,0,0,0,0,0,0,0,0,0,0,0,0,0,0,0,0,0,0,0,0,0,0,0,0,0,0,0,0,0,0,0,0,0,0,0,0,0,0,0,0,0,0,0,0,0,0,0,0,0,0,0,0,0,0,0
Create Fine,Insert Date Appeal to Prefecture,0,0,1,0,0,0,0,0,0,0,1,1,0,0,0,0,0,1,0,1,0,0,1,0,0,2,0,0,0,0,0,0,0,0,0,0,0,0,0,0,0,0,0,0,0,0,0,1,0,0,0,0,1,1,1,0,0,0,0,2,0,0,1,0,0,1,0,0,0,0,0,1,0,0,0,0,0,0,0,0,0,0,0,0,0,0,0,0,0,3,2,0,0,0,0,0,0,0,0,0
Create Fine,Insert Fine Notification,0,0,0,0,0,0,0,0,0,0,0,0,0,0,0,0,0,0,0,0,0,0,0,0,0,0,0,0,0,0,0,0,0,0,0,0,0,0,0,0,0,0,0,0,0,0,0,0,0,0,0,0,0,0,0,0,0,0,0,0,0,0,0,0,0,0,0,0,0,0,0,0,0,0,0,0,0,0,0,0,0,0,0,0,0,0,0,0,0,0,0,0,0,0,0,0,0,0,0,0
Create Fine,Notify Result Appeal to Offender,0,0,0,0,0,0,0,0,0,0,0,0,0,0,0,0,0,0,0,0,0,0,0,0,0,0,0,0,0,0,0,0,0,0,0,0,0,0,0,0,0,0,0,0,0,0,0,0,0,0,0,0,0,0,0,0,0,0,0,0,0,0,0,0,0,0,0,0,0,0,0,0,0,0,0,0,0,0,0,0,0,0,0,0,0,0,0,0,0,0,0,0,0,0,0,0,0,0,0,0
Create Fine,Payment,278,335,263,276,337,366,337,332,269,288,288,287,346,396,368,392,305,205,277,230,316,297,292,296,306,276,333,259,328,472,517,658,503,666,390,392,356,379,577,484,588,526,565,1016,467,386,476,484,525,581,819,562,504,547,573,410,415,441,941,586,621,525,510,461,488,478,515,515,511,500,482,449,510,509,497,606,534,601,526,532,531,501,527,501,467,472,547,548,479,426,459,415,426,414,438,456,672,1099,993,527
Create Fine,Receive Result Appeal from Prefecture,0,0,0,0,0,0,0,0,0,0,0,0,0,0,0,0,0,0,0,0,0,0,0,0,0,0,0,0,0,0,0,0,0,0,0,0,0,0,0,0,0,0,0,0,0,0,0,0,0,0,0,0,0,0,0,0,0,0,0,0,0,0,0,0,0,0,0,0,0,0,0,0,0,0,0,0,0,0,0,0,0,0,0,0,0,0,0,0,0,0,0,0,0,0,0,0,0,0,0,0
Create Fine,Send Appeal to Prefecture,0,0,0,0,0,0,0,0,0,0,0,0,0,0,0,0,0,0,0,0,0,0,0,0,0,0,0,0,0,0,0,0,0,0,0,0,0,0,0,0,0,0,0,0,0,0,0,0,0,0,0,0,0,0,0,0,0,0,0,0,0,0,0,0,0,0,0,0,0,0,0,0,0,0,0,0,0,0,0,0,0,0,0,0,0,0,0,0,0,0,0,0,0,0,0,0,0,0,0,0
Create Fine,Send Fine,1225,1168,1239,1227,1166,1137,1166,1171,1234,1215,1214,1215,1157,1107,1135,1111,1198,1297,1226,1272,1187,1206,1210,1207,1197,1225,1170,1244,1175,1031,986,845,1000,837,1113,1111,1147,1124,926,1018,915,977,938,487,1036,1117,1027,1018,978,922,684,941,998,955,929,1093,1087,1062,562,915,882,978,992,1042,1015,1024,988,988,992,1003,1021,1053,993,994,1006,897,969,902,977,970,972,1002,976,1001,1036,1031,956,955,1024,1074,1042,1088,1077,1089,1065,1047,831,404,510,1046
Create Fine,Send for Credit Collection,0,0,0,0,0,0,0,0,0,0,0,0,0,0,0,0,0,0,0,0,0,0,0,0,0,0,0,0,0,0,0,0,0,0,0,0,0,0,0,0,0,0,0,0,0,0,0,0,0,0,0,0,0,0,0,0,0,0,0,0,0,0,0,0,0,0,0,0,0,0,0,0,0,0,0,0,0,0,0,0,0,0,0,0,0,0,0,0,0,0,0,0,0,0,0,0,0,0,0,0
Insert Date Appeal to Prefecture,Add penalty,10,8,6,10,20,13,13,25,25,13,10,5,11,10,9,11,12,15,12,11,4,11,18,17,13,14,17,34,20,21,14,27,31,30,23,24,31,27,22,26,30,23,40,11,64,28,29,37,45,30,25,29,41,36,68,54,66,51,36,35,26,43,41,24,21,33,30,37,33,30,25,22,41,39,38,33,32,26,24,29,24,27,25,44,33,27,31,15,32,49,40,42,53,62,36,46,91,64,102,12
Insert Date Appeal to Prefecture,Appeal to Judge,0,0,0,0,0,0,0,0,0,0,0,0,0,0,0,0,0,1,0,0,0,0,0,0,0,0,0,0,0,0,0,0,0,0,0,0,1,0,0,0,0,0,0,0,0,0,0,0,0,0,0,0,1,0,1,1,0,0,0,0,0,0,0,0,0,0,0,0,0,0,0,0,0,0,0,0,1,0,0,1,0,0,0,0,0,0,0,0,0,0,0,0,0,0,0,0,0,0,0,0
Insert Date Appeal to Prefecture,Create Fine,0,0,0,0,0,0,0,0,0,0,0,0,0,0,0,0,0,0,0,0,0,0,0,0,0,0,0,0,0,0,0,0,0,0,0,0,0,0,0,0,0,0,0,0,0,0,0,0,0,0,0,0,0,0,0,0,0,0,0,0,0,0,0,0,0,0,0,0,0,0,0,0,0,0,0,0,0,0,0,0,0,0,0,0,0,0,0,0,0,0,0,0,0,0,0,0,0,0,0,0
Insert Date Appeal to Prefecture,Insert Date Appeal to Prefecture,0,0,0,0,0,0,0,0,0,0,0,0,0,0,0,0,0,0,0,0,0,0,0,0,0,0,0,0,0,0,0,0,0,0,0,0,0,0,0,0,0,0,0,0,0,0,0,0,0,0,0,0,0,0,0,0,0,0,0,0,0,0,0,0,0,0,0,0,0,0,0,0,0,0,0,0,0,0,0,0,0,0,0,0,0,0,0,0,0,0,0,0,0,0,0,0,0,0,0,0
Insert Date Appeal to Prefecture,Insert Fine Notification,0,0,0,0,0,0,0,0,0,0,0,1,0,0,0,0,0,0,1,1,0,2,1,1,0,1,0,0,1,0,0,0,0,0,0,0,0,0,1,0,0,0,0,0,0,0,0,0,0,0,0,0,0,0,0,1,0,0,0,1,0,0,1,1,0,0,0,1,1,0,1,1,1,1,0,0,0,1,0,0,0,0,0,1,0,0,0,0,0,0,0,0,0,1,1,1,0,0,0,0
Insert Date Appeal to Prefecture,Notify Result Appeal to Offender,0,0,0,0,0,0,0,0,0,0,0,0,0,0,0,0,0,0,0,0,0,0,0,0,0,0,0,0,0,0,0,0,0,0,0,0,0,0,0,0,0,0,0,0,0,0,0,0,0,0,0,0,0,0,0,0,0,0,0,0,0,0,0,0,0,0,0,0,0,0,0,0,0,0,0,0,0,0,0,0,0,0,0,0,0,0,0,0,0,0,0,0,0,0,0,0,0,0,0,0
Insert Date Appeal to Prefecture,Payment,0,0,0,0,2,0,0,0,0,0,0,0,0,0,0,0,0,0,0,0,0,0,0,0,0,0,0,0,0,0,0,0,0,0,0,0,0,0,0,0,0,0,0,0,1,0,0,0,1,0,0,0,0,0,1,0,0,1,0,0,1,0,0,1,0,0,0,1,0,0,0,0,1,0,0,0,0,0,0,0,0,0,0,0,0,0,0,1,0,0,0,0,0,0,1,1,0,1,0,0
Insert Date Appeal to Prefecture,Receive Result Appeal from Prefecture,0,0,0,0,0,0,0,0,0,0,0,0,0,0,0,0,2,3,1,0,0,0,0,0,0,0,0,0,0,0,0,0,0,1,0,0,0,0,0,0,0,0,0,0,0,0,0,0,0,0,0,0,1,0,8,0,1,2,1,0,1,0,1,0,0,0,1,0,4,0,0,1,1,0,0,1,1,1,0,3,0,0,0,0,0,0,0,0,0,0,0,0,0,0,0,0,0,0,0,0
Insert Date Appeal to Prefecture,Send Appeal to Prefecture,18,16,18,29,10,8,9,3,6,4,10,6,1,10,16,15,12,27,10,21,41,27,21,15,19,17,7,30,11,17,18,5,8,20,8,13,17,6,5,11,6,6,9,4,9,13,4,3,7,2,2,12,6,12,16,16,15,5,8,12,16,6,5,5,9,13,9,15,8,19,11,16,7,10,12,10,7,7,14,8,13,10,5,12,10,2,6,7,6,6,13,10,12,12,4,7,14,24,38,9
Insert Date Appeal to Prefecture,Send Fine,0,0,0,0,0,0,0,0,0,0,0,0,0,0,0,0,0,0,0,1,0,0,0,0,0,1,0,0,0,0,0,0,0,0,0,0,0,0,0,0,0,0,0,0,0,0,0,1,0,0,0,0,1,1,1,0,0,0,0,2,0,0,1,0,0,1,0,0,0,0,0,1,0,0,0,0,0,0,0,0,0,0,0,0,0,0,0,0,0,3,1,0,0,0,0,0,0,0,0,0
Insert Date Appeal to Prefecture,Send for Credit Collection,0,0,0,0,0,0,0,0,0,0,0,0,0,0,0,0,0,0,0,0,0,0,0,0,0,0,0,0,0,0,0,0,0,0,0,0,0,0,0,0,0,0,0,0,0,0,0,0,0,0,0,0,0,0,0,0,0,0,0,0,0,0,0,0,0,0,0,0,0,0,0,0,0,0,0,0,0,0,0,0,0,0,0,0,0,0,0,0,0,0,0,0,0,0,0,0,0,0,0,0
Insert Fine Notification,Add penalty,1028,969,1035,1022,962,966,977,948,1042,969,978,979,853,884,890,850,896,932,808,691,456,562,713,695,797,888,879,891,904,783,783,677,713,519,736,698,751,716,620,670,569,650,636,348,699,743,657,671,649,575,425,602,675,667,599,748,698,704,309,419,590,675,701,742,713,711,653,665,688,705,709,757,711,674,690,624,690,658,718,698,698,664,682,704,758,778,714,724,768,797,814,876,867,815,820,889,639,187,188,7
Insert Fine Notification,Appeal to Judge,0,0,0,0,0,0,0,0,4,0,0,0,1,0,0,1,0,1,1,3,1,1,4,2,2,4,8,9,1,1,5,2,3,6,5,6,7,7,4,7,2,4,1,3,2,3,5,10,2,1,5,3,0,0,3,5,4,3,3,2,0,3,2,4,9,3,3,4,9,3,2,0,1,10,8,10,10,6,9,5,2,3,5,0,4,6,0,0,3,3,1,1,0,0,0,1,2,0,1,0
Insert Fine Notification,Create Fine,0,0,0,0,0,0,0,0,0,0,0,0,0,0,0,0,0,0,0,0,0,0,0,0,0,0,0,0,0,0,0,0,0,0,0,0,0,0,0,0,0,0,0,0,0,0,0,0,0,0,0,0,0,0,0,0,0,0,0,0,0,0,0,0,0,0,0,0,0,0,0,0,0,0,0,0,0,0,0,0,0,0,0,0,0,0,0,0,0,0,0,0,0,0,0,0,0,0,0,0
Insert Fine Notification,Insert Date Appeal to Prefecture,17,16,16,25,25,13,13,25,26,13,11,7,10,14,17,16,17,36,22,16,12,20,28,25,22,25,21,51,27,28,20,28,35,43,27,28,37,31,26,31,34,25,42,11,67,37,31,37,47,30,25,34,45,39,73,63,70,53,36,36,30,43,43,26,22,38,35,44,33,33,26,25,45,42,40,34,33,26,24,32,27,27,26,47,34,27,32,17,32,50,43,43,55,63,38,47,98,67,111,14
Insert Fine Notification,Insert Fine Notification,0,0,0,0,0,0,0,0,0,0,0,0,0,0,0,0,0,0,0,0,0,0,0,0,0,0,0,0,0,0,0,0,0,0,0,0,0,0,0,0,0,0,0,0,0,0,0,0,0,0,0,0,0,0,0,0,0,0,0,0,0,0,0,0,0,0,0,0,0,0,0,0,0,0,0,0,0,0,0,0,0,0,0,0,0,0,0,0,0,0,0,0,0,0,0,0,0,0,0,0
Insert Fine Notification,Notify Result Appeal to Offender,0,0,0,0,0,0,0,0,0,0,0,0,0,0,0,0,0,0,0,0,0,0,0,0,0,0,0,0,0,0,0,0,0,0,0,0,0,0,0,0,0,0,0,0,0,0,0,0,0,0,0,0,0,0,0,0,0,0,0,0,0,0,0,0,0,0,0,0,0,0,0,0,0,0,0,0,0,0,0,0,0,0,0,0,0,0,0,0,0,0,0,0,0,0,0,0,0,0,0,0
Insert Fine Notification,Payment,112,99,95,104,114,89,64,72,74,75,52,40,49,44,38,24,24,28,47,33,22,37,63,85,80,54,82,88,109,129,97,50,72,65,90,114,92,117,51,84,63,106,78,26,57,63,52,64,53,82,57,86,67,53,32,13,18,23,2,1,1,0,0,1,1,0,1,1,1,4,0,1,0,0,0,0,1,0,1,0,1,0,0,1,1,2,1,0,0,1,0,2,2,1,0,1,2,2,6,1
Insert Fine Notification,Receive Result Appeal from Prefecture,0,0,0,0,0,0,0,0,0,0,0,0,0,0,0,0,1,0,0,0,0,0,0,0,0,0,0,0,0,0,0,0,0,0,0,0,0,0,0,0,0,0,0,0,0,0,0,0,0,0,0,0,0,0,0,0,0,0,0,0,0,0,0,0,0,0,0,0,0,0,0,0,0,0,1,0,0,0,0,0,0,0,0,0,0,0,0,0,0,0,0,0,0,0,0,0,0,0,0,0
Insert Fine Notification,Send Appeal to Prefecture,0,0,0,0,0,0,0,0,0,0,0,0,0,0,0,0,0,0,1,1,0,1,1,1,0,2,0,0,1,0,0,0,0,0,0,0,0,0,1,0,0,0,0,0,0,0,0,0,0,0,0,0,0,0,0,1,0,0,0,1,0,0,0,0,0,0,0,0,0,0,0,1,0,0,0,0,0,0,0,0,0,0,0,0,0,0,0,0,0,2,0,0,0,2,0,0,0,0,0,0
Insert Fine Notification,Send Fine,0,0,0,0,0,0,0,0,0,0,0,0,0,0,0,0,0,0,0,0,0,0,0,0,0,0,0,0,0,0,0,0,0,0,0,0,0,0,0,0,0,0,0,0,0,0,0,0,0,0,0,0,0,0,0,0,0,0,0,0,0,0,0,0,0,0,0,0,0,0,0,0,0,0,0,0,0,0,0,0,0,0,0,0,0,0,0,0,0,0,0,0,0,0,0,0,0,0,0,0
Insert Fine Notification,Send for Credit Collection,0,0,0,0,0,0,0,0,0,0,0,0,0,0,0,0,0,0,0,0,0,0,0,0,0,0,0,0,0,0,0,0,0,0,0,0,0,0,0,0,0,0,0,0,0,0,0,0,0,0,0,0,0,0,0,0,0,0,0,0,0,0,0,0,0,0,0,0,0,0,0,0,0,0,0,0,0,0,0,0,0,0,0,0,0,0,0,0,0,0,0,0,0,0,0,0,0,0,0,0
Notify Result Appeal to Offender,Add penalty,2,1,0,0,0,0,0,0,0,0,0,0,0,0,0,0,0,0,0,0,0,0,0,0,0,0,0,0,0,0,0,0,0,0,0,0,0,0,0,0,0,0,0,0,0,0,0,0,0,0,0,0,0,0,0,0,0,0,0,0,0,0,0,0,0,2,0,2,0,0,0,0,0,1,0,0,0,0,0,0,1,0,0,0,0,0,1,0,0,0,0,0,0,0,0,0,0,0,0,2
Notify Result Appeal to Offender,Appeal to Judge,0,0,0,0,0,0,0,0,0,0,0,0,0,0,0,0,0,1,1,0,1,1,1,3,2,2,2,10,2,1,2,0,1,6,1,3,3,0,1,1,4,1,4,0,6,5,2,0,3,3,1,1,4,1,7,0,3,1,1,1,4,1,0,0,1,3,1,2,5,1,2,3,3,6,3,1,1,0,3,1,0,0,1,0,1,1,2,1,0,0,1,0,0,3,0,1,0,0,0,0
Notify Result Appeal to Offender,Create Fine,0,0,0,0,0,0,0,0,0,0,0,0,0,0,0,0,0,0,0,0,0,0,0,0,0,0,0,0,0,0,0,0,0,0,0,0,0,0,0,0,0,0,0,0,0,0,0,0,0,0,0,0,0,0,0,0,0,0,0,0,0,0,0,0,0,0,0,0,0,0,0,0,0,0,0,0,0,0,0,0,0,0,0,0,0,0,0,0,0,0,0,0,0,0,0,0,0,0,0,0
Notify Result Appeal to Offender,Insert Date Appeal to Prefecture,0,0,0,0,0,0,0,0,0,0,0,0,0,0,0,0,0,0,0,0,0,0,0,0,0,0,0,0,0,0,0,0,0,0,0,0,0,0,0,0,0,0,0,0,0,0,0,0,0,0,0,0,0,0,0,0,0,0,0,0,0,0,0,0,0,0,0,0,0,0,0,0,0,0,0,0,0,0,0,0,0,0,0,0,0,0,0,0,0,0,0,0,0,0,0,0,0,0,0,0
Notify Result Appeal to Offender,Insert Fine Notification,0,0,0,0,0,0,0,0,0,0,0,0,0,0,0,0,0,0,0,0,0,0,0,0,0,0,0,0,0,0,0,0,0,0,0,0,0,0,0,0,0,0,0,0,0,0,0,0,0,0,0,0,0,0,0,0,0,0,0,0,0,0,0,0,0,0,0,0,0,0,0,0,0,0,0,0,0,0,0,0,0,0,0,0,0,0,0,0,0,0,0,0,0,0,0,0,0,0,0,0
Notify Result Appeal to Offender,Notify Result Appeal to Offender,0,0,0,0,0,0,0,0,0,0,0,0,0,0,0,0,0,0,0,0,0,0,0,0,0,0,0,0,0,0,0,0,0,0,0,0,0,0,0,0,0,0,0,0,0,0,0,0,0,0,0,0,0,0,0,0,0,0,0,0,0,0,0,0,0,0,0,0,0,0,0,0,0,0,0,0,0,0,0,0,0,0,0,0,0,0,0,0,0,0,0,0,0,0,0,0,0,0,0,0
Notify Result Appeal to Offender,Payment,3,6,3,5,2,0,0,0,0,0,0,0,1,3,6,2,2,7,2,3,1,3,11,8,4,11,4,11,6,5,6,4,1,13,5,7,14,3,4,5,4,2,3,0,6,7,2,3,4,1,0,5,6,2,17,13,5,5,0,4,9,2,5,2,3,4,6,2,2,3,2,5,2,1,2,2,1,4,4,4,2,3,3,6,1,0,2,4,1,7,4,2,4,9,1,1,7,3,6,0
Notify Result Appeal to Offender,Receive Result Appeal from Prefecture,0,0,0,0,0,0,0,0,0,0,0,0,0,0,0,0,0,0,0,0,0,0,0,0,0,0,0,0,0,0,0,0,0,0,0,0,0,0,0,0,0,0,0,0,0,0,0,0,0,0,0,0,0,0,0,0,0,1,0,0,0,0,0,0,0,0,0,0,0,0,0,0,0,0,0,0,0,0,0,0,0,0,0,0,0,0,0,0,0,0,0,0,0,0,0,0,0,1,0,0
Notify Result Appeal to Offender,Send Appeal to Prefecture,0,0,0,0,0,0,0,0,0,0,0,0,0,0,0,0,0,0,0,0,0,0,0,0,0,0,0,0,0,0,0,0,0,0,0,0,0,0,0,0,0,0,0,0,0,0,0,0,0,0,0,0,0,0,0,0,0,0,0,0,0,0,0,0,0,0,0,0,0,0,0,0,0,0,0,0,1,0,0,2,0,0,0,0,0,0,0,0,0,0,0,0,0,0,0,0,0,0,0,0
Notify Result Appeal to Offender,Send Fine,0,0,0,0,0,0,0,0,0,0,0,0,0,0,0,0,0,0,0,0,0,0,0,0,0,0,0,0,0,0,0,0,0,0,0,0,0,0,0,0,0,0,0,0,0,0,0,0,0,0,0,0,0,0,0,0,0,0,0,0,0,0,0,0,0,0,0,0,0,0,0,0,0,0,0,0,0,0,0,0,0,0,0,0,0,0,0,0,0,0,0,0,0,0,0,0,0,0,0,0
Notify Result Appeal to Offender,Send for Credit Collection,7,5,7,7,2,0,0,0,1,0,0,1,0,4,2,4,2,6,5,4,5,2,8,4,4,5,0,7,3,4,5,1,4,0,2,0,4,2,1,0,1,0,0,2,4,0,0,0,2,1,2,0,2,2,3,5,9,4,7,3,1,0,2,2,1,4,3,5,5,6,9,5,1,0,5,2,0,0,1,5,1,1,3,2,1,2,1,0,2,4,7,3,3,3,1,1,0,0,0,0
Payment,Add penalty,112,99,95,104,116,89,64,72,74,75,53,40,49,44,38,24,24,28,47,33,22,37,63,85,80,54,82,88,109,129,97,50,72,65,90,114,92,117,51,84,63,106,78,26,57,63,52,64,53,82,57,86,67,53,33,13,18,24,2,1,2,0,0,2,1,0,1,1,1,4,0,1,1,0,0,0,1,0,1,0,1,0,0,1,1,2,1,1,0,1,0,2,2,1,1,2,2,2,6,1
Payment,Appeal to Judge,0,0,0,0,0,0,0,0,0,0,0,0,0,0,0,0,0,0,0,0,0,0,0,0,0,0,0,0,0,0,0,0,0,1,0,0,0,0,0,0,0,0,0,0,0,0,0,0,0,0,0,0,0,0,0,0,0,0,0,0,0,0,0,0,0,0,0,0,0,0,0,0,0,0,0,0,0,0,0,0,0,0,0,1,0,0,0,0,0,0,0,0,0,0,0,0,0,0,0,0
Payment,Create Fine,0,0,0,0,0,0,0,0,0,0,0,0,0,0,0,0,0,0,0,0,0,0,0,0,0,0,0,0,0,0,0,0,0,0,0,0,0,0,0,0,0,0,0,0,0,0,0,0,0,0,0,0,0,0,0,0,0,0,0,0,0,0,0,0,0,0,0,0,0,0,0,0,0,0,0,0,0,0,0,0,0,0,0,0,0,0,0,0,0,0,0,0,0,0,0,0,0,0,0,0
Payment,Insert Date Appeal to Prefecture,0,0,0,0,0,0,0,0,0,0,0,0,0,1,0,0,0,0,0,0,0,1,0,0,0,0,0,0,0,0,0,0,0,0,0,0,0,0,0,0,0,0,0,0,0,0,0,0,0,0,0,0,0,0,0,0,0,0,0,0,0,0,0,0,0,0,0,0,0,0,0,0,0,0,0,0,0,0,0,0,0,0,0,0,0,0,0,0,0,0,0,0,0,0,0,0,0,0,0,0
Payment,Insert Fine Notification,3,0,0,2,2,2,2,6,2,2,1,3,5,3,0,1,3,2,5,1,0,0,1,3,0,2,0,0,2,1,1,0,0,0,0,4,1,0,0,0,0,1,0,0,0,0,0,0,2,2,1,0,1,0,0,0,0,0,0,0,0,0,0,0,0,0,0,1,0,2,0,0,0,0,0,0,0,0,1,0,0,0,0,0,0,0,0,0,2,0,0,1,0,0,0,0,0,0,0,0
Payment,Notify Result Appeal to Offender,0,0,0,0,0,0,0,0,0,0,0,0,0,0,0,0,0,0,0,0,0,0,0,0,0,0,0,0,0,0,0,0,0,0,0,0,0,0,0,0,0,0,0,0,0,1,0,0,0,0,0,0,0,0,0,0,0,0,0,0,0,0,0,0,0,0,0,0,0,0,0,0,0,0,0,0,0,0,0,0,0,0,0,0,0,0,0,0,0,0,0,0,0,0,0,0,0,0,0,0
Payment,Payment,47,60,48,61,44,55,39,43,31,41,40,49,37,44,56,40,45,46,38,38,22,32,37,36,34,24,38,52,63,47,44,25,51,34,50,50,37,41,32,52,40,60,39,21,52,38,44,35,40,41,41,32,33,43,41,46,44,40,34,29,42,36,46,37,38,32,33,33,56,53,48,65,51,38,31,16,13,52,55,49,46,37,43,44,55,56,45,37,46,32,40,38,56,59,63,65,82,71,71,0
Payment,Receive Result Appeal from Prefecture,0,0,0,0,0,0,0,0,0,0,0,0,0,0,0,0,0,1,0,0,0,0,0,0,0,0,0,0,0,0,0,0,0,0,0,0,0,0,0,0,0,0,0,0,0,0,0,0,0,0,0,0,0,0,0,0,0,0,0,0,0,0,0,0,0,0,0,1,0,0,0,0,0,0,0,0,0,0,0,0,0,0,0,0,0,0,0,0,0,0,0,0,0,0,0,0,0,0,0,0
Payment,Send Appeal to Prefecture,0,0,0,0,0,0,0,0,0,0,0,0,0,0,0,0,0,0,0,0,0,0,0,0,0,0,0,0,0,0,0,1,0,1,1,0,0,0,0,0,0,0,0,0,0,0,0,0,0,0,0,0,0,0,0,0,0,0,0,0,0,0,0,0,0,0,0,0,0,0,0,0,0,0,0,0,0,0,0,0,0,0,0,0,0,0,0,0,0,0,0,0,0,0,0,0,0,1,0,0
Payment,Send Fine,7,12,20,4,4,3,2,4,10,13,12,19,27,5,3,6,6,26,10,12,26,41,29,30,28,26,7,9,13,9,13,2,2,1,0,1,0,2,1,0,0,0,0,0,0,2,3,4,1,1,1,4,4,2,1,6,7,3,0,1,0,2,1,0,0,1,0,3,7,1,6,2,0,3,2,1,6,6,2,4,4,1,2,0,2,6,2,2,2,2,1,2,4,0,2,0,3,0,2,0
Payment,Send for Credit Collection,31,21,30,26,23,18,28,32,25,22,18,19,17,16,23,20,16,14,28,17,8,14,23,25,25,23,15,16,25,28,29,17,21,17,20,17,12,15,17,9,5,9,17,6,19,17,7,13,12,11,8,9,10,9,3,10,5,11,7,4,10,13,11,16,13,9,7,17,13,8,10,10,14,19,20,23,24,14,6,19,15,5,14,9,19,25,12,16,12,12,14,12,5,22,22,24,12,0,0,0
Receive Result Appeal from Prefecture,Add penalty,0,0,0,0,0,0,0,0,0,0,0,0,0,2,8,5,1,4,1,0,1,0,0,1,0,1,0,0,5,0,0,0,0,0,0,1,0,0,0,0,0,0,0,0,1,1,0,0,0,0,0,1,1,0,0,0,0,0,0,0,0,0,0,0,0,1,2,1,0,1,1,0,0,0,2,0,0,0,0,0,0,0,0,0,0,0,0,0,0,1,0,0,0,0,0,0,2,2,4,0
Receive Result Appeal from Prefecture,Appeal to Judge,0,0,0,0,0,0,0,0,0,0,0,0,0,0,0,0,0,0,0,0,0,0,0,1,0,0,1,1,0,4,1,0,1,0,1,0,0,0,0,0,0,0,0,0,1,0,0,0,0,0,0,0,0,0,0,0,0,0,0,1,0,0,0,0,0,0,0,0,0,0,0,0,0,0,0,0,0,0,0,0,0,1,0,0,0,0,0,0,0,0,0,0,0,0,0,0,0,0,0,0
Receive Result Appeal from Prefecture,Create Fine,0,0,0,0,0,0,0,0,0,0,0,0,0,0,0,0,0,0,0,0,0,0,0,0,0,0,0,0,0,0,0,0,0,0,0,0,0,0,0,0,0,0,0,0,0,0,0,0,0,0,0,0,0,0,0,0,0,0,0,0,0,0,0,0,0,0,0,0,0,0,0,0,0,0,0,0,0,0,0,0,0,0,0,0,0,0,0,0,0,0,0,0,0,0,0,0,0,0,0,0
Receive Result Appeal from Prefecture,Insert Date Appeal to Prefecture,0,0,0,0,0,0,0,0,0,0,0,0,0,0,0,0,1,0,0,0,0,0,0,0,0,0,0,0,0,0,0,0,0,0,0,0,0,0,0,0,0,0,0,0,0,0,0,0,0,0,0,0,0,0,0,0,0,0,0,0,0,0,0,0,0,0,0,0,0,0,0,0,0,0,0,0,0,0,0,0,0,0,0,0,0,0,0,0,0,0,0,0,0,0,0,0,0,0,0,0
Receive Result Appeal from Prefecture,Insert Fine Notification,0,0,0,0,0,0,0,0,0,0,0,0,0,0,0,0,0,0,0,0,0,0,0,0,0,0,0,0,0,0,0,0,0,0,0,0,0,0,0,0,0,0,0,0,0,0,0,0,0,0,0,0,0,0,0,0,0,0,0,0,0,0,0,0,0,0,0,0,0,0,0,0,0,0,0,0,0,0,0,0,0,0,0,0,0,0,0,0,0,0,0,0,0,0,0,0,0,0,0,0
Receive Result Appeal from Prefecture,Notify Result Appeal to Offender,12,13,12,14,4,0,0,0,1,0,0,1,1,5,1,2,2,9,6,6,6,6,20,14,10,17,5,29,7,10,13,5,6,19,8,10,21,6,6,9,9,5,7,3,15,10,4,3,9,5,3,5,13,5,29,18,18,10,9,8,15,3,7,4,5,12,8,10,12,10,12,13,6,8,8,5,3,4,10,12,4,3,7,8,3,3,10,6,3,10,13,9,8,20,3,10,12,9,14,3
Receive Result Appeal from Prefecture,Payment,0,0,0,0,0,0,0,0,0,0,0,0,0,0,0,1,0,0,0,0,3,1,2,0,2,3,1,0,0,0,0,2,0,2,1,0,0,0,0,0,0,1,0,0,0,2,0,0,0,1,0,1,0,1,0,2,1,0,0,0,0,0,0,0,0,0,0,1,0,0,0,0,0,0,0,0,0,0,0,0,0,0,1,0,0,0,0,0,0,1,0,2,0,0,0,0,2,1,1,0
Receive Result Appeal from Prefecture,Receive Result Appeal from Prefecture,0,0,0,0,0,0,0,0,0,0,0,0,0,0,0,0,0,0,0,0,0,0,0,0,0,0,0,0,0,0,0,0,0,0,0,0,0,0,0,0,0,0,0,0,0,0,0,0,0,0,0,0,0,0,0,0,0,0,0,0,0,0,0,0,0,0,0,0,0,0,0,0,0,0,0,0,0,0,0,0,0,0,0,0,0,0,0,0,0,0,0,0,0,0,0,0,0,0,0,0
Receive Result Appeal from Prefecture,Send Appeal to Prefecture,0,0,0,1,0,0,0,0,0,0,0,0,0,0,2,0,2,3,2,1,0,0,0,0,0,0,0,0,0,0,0,0,0,1,0,0,0,0,0,0,0,0,0,0,0,0,0,0,0,0,0,0,0,0,2,0,0,0,1,0,0,0,0,0,0,0,0,0,0,0,0,0,0,0,0,0,0,0,0,0,0,0,0,0,0,0,0,0,0,0,0,0,0,0,0,0,0,0,0,0
Receive Result Appeal from Prefecture,Send Fine,0,0,0,0,0,0,0,0,0,0,0,0,0,0,0,0,0,0,0,0,0,0,0,0,0,0,0,0,0,0,0,0,0,0,0,0,0,0,0,0,0,0,0,0,0,0,0,0,0,0,0,0,0,0,0,0,0,0,0,0,0,0,0,0,0,0,0,0,0,0,0,0,0,0,0,0,0,0,0,0,0,0,0,0,0,0,0,0,0,0,0,0,0,0,0,0,0,0,0,0
Receive Result Appeal from Prefecture,Send for Credit Collection,0,0,0,0,0,0,0,0,0,0,0,0,0,0,0,0,0,0,0,0,0,0,0,0,0,0,0,0,0,0,0,0,0,0,0,0,0,0,0,0,0,0,0,0,0,0,0,0,0,0,0,0,0,0,0,0,0,1,0,0,0,0,0,0,0,0,0,0,0,0,0,0,0,0,0,0,0,0,0,0,0,0,0,0,0,0,0,0,0,0,0,0,0,0,0,0,0,0,0,0
Send Appeal to Prefecture,Add penalty,5,7,10,15,3,0,0,0,1,0,0,2,0,2,0,0,5,17,10,8,7,11,12,9,10,12,4,18,3,8,6,1,4,14,4,3,6,4,5,5,4,2,2,0,2,8,2,0,2,0,0,4,2,3,4,10,4,1,0,2,3,0,2,1,2,2,3,4,0,2,0,4,3,2,1,1,0,0,0,2,2,0,2,3,1,0,0,1,0,2,3,1,2,3,1,0,5,1,5,0
Send Appeal to Prefecture,Appeal to Judge,0,0,0,0,0,0,0,0,0,0,0,0,0,0,0,0,0,1,0,0,3,0,0,0,0,0,0,0,0,0,0,0,0,0,0,0,0,0,0,0,0,0,0,0,0,0,0,0,0,0,0,0,0,0,0,0,0,0,0,0,0,0,0,0,0,0,0,0,0,0,0,0,0,0,0,0,0,0,0,0,0,0,0,0,0,0,0,0,0,0,0,0,0,0,0,0,0,0,0,0
Send Appeal to Prefecture,Create Fine,0,0,0,0,0,0,0,0,0,0,0,0,0,0,0,0,0,0,0,0,0,0,0,0,0,0,0,0,0,0,0,0,0,0,0,0,0,0,0,0,0,0,0,0,0,0,0,0,0,0,0,0,0,0,0,0,0,0,0,0,0,0,0,0,0,0,0,0,0,0,0,0,0,0,0,0,0,0,0,0,0,0,0,0,0,0,0,0,0,0,0,0,0,0,0,0,0,0,0,0
Send Appeal to Prefecture,Insert Date Appeal to Prefecture,0,0,0,0,0,0,0,0,0,0,0,0,0,0,0,0,0,0,0,0,0,0,0,0,0,0,0,0,0,0,0,0,0,0,0,0,0,0,0,0,0,0,0,0,0,0,0,0,0,0,0,0,0,0,0,0,0,0,0,0,0,0,0,0,0,0,0,0,0,0,0,0,0,0,0,0,0,0,0,0,0,0,0,0,0,0,0,0,0,0,0,0,0,2,0,0,0,0,0,0
Send Appeal to Prefecture,Insert Fine Notification,0,0,0,0,0,0,0,0,0,0,0,0,0,0,0,0,0,1,0,0,0,0,0,1,1,0,0,0,0,0,0,0,0,0,0,0,0,0,0,0,0,0,0,0,0,0,0,0,0,0,0,0,0,0,0,0,0,0,0,0,0,0,0,0,0,0,0,0,0,0,0,0,0,0,0,0,0,0,0,0,0,0,0,0,0,0,0,0,0,0,0,0,0,0,0,1,0,0,0,0
Send Appeal to Prefecture,Notify Result Appeal to Offender,0,0,0,0,0,0,0,0,0,0,0,0,0,0,0,0,0,2,0,1,0,0,0,0,0,0,0,0,0,0,0,0,0,0,0,0,0,0,0,0,0,0,0,0,0,0,0,0,0,0,0,0,0,0,0,0,0,0,0,0,0,0,0,0,0,0,0,0,0,0,0,0,0,0,0,0,0,0,0,0,0,0,0,0,0,0,0,0,0,0,0,0,0,0,0,0,0,1,0,0
Send Appeal to Prefecture,Payment,0,1,0,1,1,0,0,0,0,0,1,0,0,0,2,1,0,0,0,1,1,0,0,0,0,0,0,0,0,0,0,0,0,0,1,0,0,0,0,0,0,0,0,0,0,1,0,0,0,1,0,0,1,0,0,1,1,0,0,0,0,0,0,0,0,0,0,0,0,0,0,0,0,0,1,0,0,0,0,0,0,0,0,0,0,1,0,0,3,0,0,0,0,0,0,0,0,0,0,0
Send Appeal to Prefecture,Receive Result Appeal from Prefecture,7,5,2,0,1,0,0,0,0,0,0,0,1,6,9,8,2,5,3,3,3,5,11,9,7,10,4,12,10,7,7,6,3,8,6,8,16,2,1,6,4,4,7,3,16,6,2,4,7,7,3,4,12,2,14,10,12,4,6,6,11,2,3,3,3,11,6,7,8,9,13,8,2,6,9,4,2,3,7,6,2,5,6,6,2,3,10,5,4,11,12,10,6,15,3,9,13,10,22,3
Send Appeal to Prefecture,Send Appeal to Prefecture,0,0,0,0,0,0,0,0,0,0,0,0,0,0,0,0,0,0,0,0,0,0,0,0,0,0,0,0,0,0,0,0,0,0,0,0,0,0,0,0,0,0,0,0,0,0,0,0,0,0,0,0,0,0,0,0,0,0,0,0,0,0,0,0,0,0,0,0,0,0,0,0,0,0,0,0,0,0,0,0,0,0,0,0,0,0,0,0,0,0,0,0,0,0,0,0,0,0,0,0
Send Appeal to Prefecture,Send Fine,0,0,1,0,0,0,0,0,0,0,1,1,0,0,0,0,0,1,0,0,0,0,1,0,0,1,0,0,0,0,0,0,0,0,0,0,0,0,0,0,0,0,0,0,0,0,0,0,0,0,0,0,0,0,0,0,0,0,0,0,0,0,0,0,0,0,0,0,0,0,0,0,0,0,0,0,0,0,0,0,0,0,0,0,0,0,0,0,0,0,1,0,0,0,0,0,0,0,0,0
Send Appeal to Prefecture,Send for Credit Collection,0,0,0,0,0,0,0,0,0,0,0,0,0,0,0,0,0,0,0,0,0,0,0,0,0,0,0,0,0,0,0,0,0,0,0,0,0,0,0,0,0,0,0,0,0,0,0,0,0,0,0,0,0,0,0,0,0,0,0,0,0,0,0,0,0,0,0,0,0,0,0,0,0,0,0,0,1,0,0,2,0,0,0,0,0,0,0,0,0,0,0,0,0,0,0,0,0,0,0,0
Send Fine,Add penalty,0,0,0,0,0,0,0,0,0,0,0,0,0,0,0,0,0,0,0,0,0,0,0,0,0,0,0,0,0,0,0,0,0,0,0,0,0,0,0,0,0,0,0,0,0,0,0,0,0,0,0,0,0,0,0,0,0,0,0,0,0,0,0,0,0,0,0,0,0,0,0,0,0,0,0,0,0,0,0,0,0,0,0,0,0,0,0,0,0,0,0,0,0,0,0,0,0,0,0,0
Send Fine,Appeal to Judge,0,0,0,0,0,0,0,0,0,0,0,0,0,0,0,0,0,0,0,1,2,1,0,0,0,0,0,0,0,0,0,0,0,0,0,0,0,0,0,0,0,0,0,0,0,0,0,0,0,0,0,0,0,0,0,0,1,0,1,4,0,0,0,0,0,0,0,0,0,0,0,0,0,0,0,0,0,0,0,0,0,0,0,0,0,0,0,0,0,0,0,0,0,0,0,0,0,0,0,0
Send Fine,Create Fine,0,0,0,0,0,0,0,0,0,0,0,0,0,0,0,0,0,0,0,0,0,0,0,0,0,0,0,0,0,0,0,0,0,0,0,0,0,0,0,0,0,0,0,0,0,0,0,0,0,0,0,0,0,0,0,0,0,0,0,0,0,0,0,0,0,0,0,0,0,0,0,0,0,0,0,0,0,0,0,0,0,0,0,0,0,0,0,0,0,0,0,0,0,0,0,0,0,0,0,0
Send Fine,Insert Date Appeal to Prefecture,3,1,1,1,0,0,2,0,3,2,0,2,0,0,0,4,1,4,2,12,29,14,2,2,1,1,0,0,1,0,1,0,0,0,0,0,0,0,1,0,0,0,1,0,0,0,2,0,0,0,0,0,0,1,3,1,0,0,2,7,0,1,1,2,0,0,0,2,1,0,1,2,1,2,0,1,0,2,0,0,3,4,1,3,0,0,0,0,1,0,1,1,1,2,2,2,1,1,8,7
Send Fine,Insert Fine Notification,1154,1084,1146,1149,1099,1066,1052,1039,1144,1055,1040,1022,908,939,945,890,935,994,873,742,491,619,807,803,900,970,990,1039,1039,940,904,757,823,633,858,842,886,871,701,792,668,784,757,388,825,846,745,782,749,686,511,725,786,759,707,829,790,783,350,458,621,721,745,772,745,752,692,712,730,743,736,783,756,725,739,668,734,689,751,735,728,694,713,751,797,813,747,741,801,853,858,921,924,880,857,936,741,256,306,22
Send Fine,Notify Result Appeal to Offender,0,0,0,0,0,0,0,0,0,0,0,0,0,0,0,0,0,0,0,0,0,0,0,0,0,0,0,0,0,0,0,0,0,0,0,0,0,0,0,0,0,0,0,0,0,0,0,0,0,0,0,0,0,0,0,0,0,0,0,0,0,0,0,0,0,0,0,0,0,0,0,0,0,0,0,0,0,0,0,0,0,0,0,0,0,0,0,0,0,0,0,0,0,0,0,0,0,0,0,0
Send Fine,Payment,23,23,43,32,23,22,48,70,60,124,129,113,189,57,59,86,105,132,75,225,295,269,200,159,72,28,3,3,7,7,8,0,1,3,0,6,2,0,2,4,2,5,0,1,6,6,4,4,11,6,4,4,5,9,5,7,11,9,53,142,1,5,4,6,2,4,5,6,12,12,5,7,4,9,3,6,10,12,5,1,5,5,3,5,3,3,5,4,13,15,9,12,6,8,10,5,7,10,16,36
Send Fine,Receive Result Appeal from Prefecture,0,0,0,0,0,0,0,0,0,0,0,0,0,0,0,0,0,0,0,0,0,0,0,0,0,0,0,0,0,0,0,0,0,0,0,0,0,0,0,0,0,0,0,0,0,0,0,0,0,0,0,0,0,0,0,0,0,0,0,0,0,0,0,0,0,0,0,0,0,0,0,0,0,0,0,0,0,0,0,0,0,0,0,0,0,0,0,0,0,0,0,0,0,0,0,0,0,0,0,0
Send Fine,Send Appeal to Prefecture,0,0,0,0,0,0,0,0,0,0,0,0,0,0,0,0,0,1,0,1,0,0,0,0,0,0,0,0,0,0,0,0,0,0,0,0,0,0,0,0,0,0,0,0,0,0,0,0,0,0,0,0,0,0,0,0,0,0,0,0,0,0,0,0,0,0,0,0,0,0,0,0,0,0,0,0,0,0,0,0,0,0,0,0,0,0,0,0,0,0,1,0,0,0,0,1,0,0,0,0
Send Fine,Send Fine,0,0,0,0,0,0,0,0,0,0,0,0,0,0,0,0,0,0,0,0,0,0,0,0,0,0,0,0,0,0,0,0,0,0,0,0,0,0,0,0,0,0,0,0,0,0,0,0,0,0,0,0,0,0,0,0,0,0,0,0,0,0,0,0,0,0,0,0,0,0,0,0,0,0,0,0,0,0,0,0,0,0,0,0,0,0,0,0,0,0,0,0,0,0,0,0,0,0,0,0
Send Fine,Send for Credit Collection,0,0,0,0,0,0,0,0,0,0,0,0,0,0,0,0,0,0,0,0,0,0,0,0,0,0,0,0,0,0,0,0,0,0,0,0,0,0,0,0,0,0,0,0,0,0,0,0,0,0,0,0,0,0,0,0,0,0,0,0,0,0,0,0,0,0,0,0,0,0,0,0,0,0,0,0,0,0,0,0,0,0,0,0,0,0,0,0,0,0,0,0,0,0,0,0,0,0,0,0
Send for Credit Collection,Add penalty,0,0,0,0,0,0,0,0,0,0,0,0,0,0,0,0,0,0,0,0,0,0,0,0,0,0,0,0,0,0,0,0,0,0,0,0,0,0,0,0,0,0,0,0,0,0,0,0,0,0,0,0,0,0,0,0,0,0,0,0,0,0,0,0,0,0,0,0,0,0,0,0,0,0,0,0,0,0,0,0,0,0,0,0,0,0,0,0,0,0,0,0,0,0,0,0,0,0,0,0
Send for Credit Collection,Appeal to Judge,0,0,0,0,0,0,0,0,0,0,0,0,0,0,0,0,0,0,0,0,0,0,0,0,0,0,0,0,0,0,0,0,0,0,0,0,0,0,0,0,0,0,0,0,0,0,0,0,0,0,0,0,0,0,0,0,0,0,0,0,0,0,0,0,0,0,0,0,0,0,0,0,0,0,0,0,0,0,0,0,0,0,0,0,0,0,0,0,0,0,0,0,0,0,0,0,0,0,0,0
Send for Credit Collection,Create Fine,0,0,0,0,0,0,0,0,0,0,0,0,0,0,0,0,0,0,0,0,0,0,0,0,0,0,0,0,0,0,0,0,0,0,0,0,0,0,0,0,0,0,0,0,0,0,0,0,0,0,0,0,0,0,0,0,0,0,0,0,0,0,0,0,0,0,0,0,0,0,0,0,0,0,0,0,0,0,0,0,0,0,0,0,0,0,0,0,0,0,0,0,0,0,0,0,0,0,0,0
Send for Credit Collection,Insert Date Appeal to Prefecture,0,0,0,0,0,0,0,0,0,0,0,0,0,0,0,0,0,0,0,0,0,0,0,0,0,0,0,0,0,0,0,0,0,0,0,0,0,0,0,0,0,0,0,0,0,0,0,0,0,0,0,0,0,0,0,0,0,0,0,0,0,0,0,0,0,0,0,0,0,0,0,0,0,0,0,0,0,0,0,0,0,0,0,0,0,0,0,0,0,0,0,0,0,0,0,0,0,0,0,0
Send for Credit Collection,Insert Fine Notification,0,0,0,0,0,0,0,0,0,0,0,0,0,0,0,0,0,0,0,0,0,0,0,0,0,0,0,0,0,0,0,0,0,0,0,0,0,0,0,0,0,0,0,0,0,0,0,0,0,0,0,0,0,0,0,0,0,0,0,0,0,0,0,0,0,0,0,0,0,0,0,0,0,0,0,0,0,0,0,0,0,0,0,0,0,0,0,0,0,0,0,0,0,0,0,0,0,0,0,0
Send for Credit Collection,Notify Result Appeal to Offender,0,0,0,0,0,0,0,0,0,0,0,0,0,0,0,0,0,0,0,0,0,0,0,0,0,0,0,0,0,0,0,0,0,0,0,0,0,0,0,0,0,0,0,0,0,0,0,0,0,0,0,0,0,0,0,0,0,0,0,0,0,0,0,0,0,0,0,0,0,0,0,0,0,0,0,0,0,0,0,0,0,0,0,0,0,0,0,0,0,0,0,0,0,0,0,0,0,0,0,0
Send for Credit Collection,Payment,0,0,0,0,0,0,0,0,0,0,0,0,0,0,0,0,0,0,0,0,0,0,0,0,0,0,0,0,0,0,0,0,0,0,0,0,0,0,0,0,0,0,0,0,0,0,0,0,0,0,0,0,0,0,0,0,0,0,0,0,0,0,0,0,0,0,0,0,0,0,0,0,0,0,0,0,0,0,0,0,0,0,0,0,0,0,0,0,0,0,0,0,0,0,0,0,0,0,0,0
Send for Credit Collection,Receive Result Appeal from Prefecture,0,0,0,0,0,0,0,0,0,0,0,0,0,0,0,0,0,0,0,0,0,0,0,0,0,0,0,0,0,0,0,0,0,0,0,0,0,0,0,0,0,0,0,0,0,0,0,0,0,0,0,0,0,0,0,0,0,0,0,0,0,0,0,0,0,0,0,0,0,0,0,0,0,0,0,0,0,0,0,0,0,0,0,0,0,0,0,0,0,0,0,0,0,0,0,0,0,0,0,0
Send for Credit Collection,Send Appeal to Prefecture,0,0,0,0,0,0,0,0,0,0,0,0,0,0,0,0,0,0,0,0,0,0,0,0,0,0,0,0,0,0,0,0,0,0,0,0,0,0,0,0,0,0,0,0,0,0,0,0,0,0,0,0,1,0,2,0,2,3,3,1,0,0,0,0,0,0,0,0,4,0,0,0,0,0,0,0,0,0,0,0,0,0,0,0,0,0,0,0,0,0,0,0,0,0,0,0,0,0,0,0
Send for Credit Collection,Send Fine,0,0,0,0,0,0,0,0,0,0,0,0,0,0,0,0,0,0,0,0,0,0,0,0,0,0,0,0,0,0,0,0,0,0,0,0,0,0,0,0,0,0,0,0,0,0,0,0,0,0,0,0,0,0,0,0,0,0,0,0,0,0,0,0,0,0,0,0,0,0,0,0,0,0,0,0,0,0,0,0,0,0,0,0,0,0,0,0,0,0,0,0,0,0,0,0,0,0,0,0
Send for Credit Collection,Send for Credit Collection,0,0,0,0,0,0,0,0,0,0,0,0,0,0,0,0,0,0,0,0,0,0,0,0,0,0,0,0,0,0,0,0,0,0,0,0,0,0,0,0,0,0,0,0,0,0,0,0,0,0,0,0,0,0,0,0,0,0,0,0,0,0,0,0,0,0,0,0,0,0,0,0,0,0,0,0,0,0,0,0,0,0,0,0,0,0,0,0,0,0,0,0,0,0,0,0,0,0,0,0
